hash,bos_veripb_exitcode,bos_veripb_result,bos_veripb_CPUTIME,bos_veripb_MAXVM,bos_veripb_HOSTNAME,bos_veripb_SLURM_ARRAY_TASK_ID,bos_veripb_out,bos_veripb_var,bos_veripb_wat
009f795766e470b1e3f38815240eeae3,0,solved,247.028,647664,kale-813.local.cs.helsinki.fi,1,/wrk-kappa/users/chrisjab/gbd-experiments/mo-proofs-reruns/results/009f795766e470b1e3f38815240eeae3.bos.veripb.out,/wrk-kappa/users/chrisjab/gbd-experiments/mo-proofs-reruns/results/009f795766e470b1e3f38815240eeae3.bos.veripb.var,/wrk-kappa/users/chrisjab/gbd-experiments/mo-proofs-reruns/results/009f795766e470b1e3f38815240eeae3.bos.veripb.wat
01e6ba61c8ac436a870013cbc0373579,0,solved,807.698,3321380,kale-810.local.cs.helsinki.fi,2,/wrk-kappa/users/chrisjab/gbd-experiments/mo-proofs-reruns/results/01e6ba61c8ac436a870013cbc0373579.bos.veripb.out,/wrk-kappa/users/chrisjab/gbd-experiments/mo-proofs-reruns/results/01e6ba61c8ac436a870013cbc0373579.bos.veripb.var,/wrk-kappa/users/chrisjab/gbd-experiments/mo-proofs-reruns/results/01e6ba61c8ac436a870013cbc0373579.bos.veripb.wat
031398e89f8c691036f2483ee8d0741e,0,solved,572.216,3183580,kale-804.local.cs.helsinki.fi,5,/wrk-kappa/users/chrisjab/gbd-experiments/mo-proofs-reruns/results/031398e89f8c691036f2483ee8d0741e.bos.veripb.out,/wrk-kappa/users/chrisjab/gbd-experiments/mo-proofs-reruns/results/031398e89f8c691036f2483ee8d0741e.bos.veripb.var,/wrk-kappa/users/chrisjab/gbd-experiments/mo-proofs-reruns/results/031398e89f8c691036f2483ee8d0741e.bos.veripb.wat
070cfcf28df41a2d25853d2b6e6410bf,0,solved,1052.7,4040540,kale-813.local.cs.helsinki.fi,8,/wrk-kappa/users/chrisjab/gbd-experiments/mo-proofs-reruns/results/070cfcf28df41a2d25853d2b6e6410bf.bos.veripb.out,/wrk-kappa/users/chrisjab/gbd-experiments/mo-proofs-reruns/results/070cfcf28df41a2d25853d2b6e6410bf.bos.veripb.var,/wrk-kappa/users/chrisjab/gbd-experiments/mo-proofs-reruns/results/070cfcf28df41a2d25853d2b6e6410bf.bos.veripb.wat
07bf0e9791e8c94100b3f44ea0c00f44,0,solved,605.411,559524,kale-812.local.cs.helsinki.fi,10,/wrk-kappa/users/chrisjab/gbd-experiments/mo-proofs-reruns/results/07bf0e9791e8c94100b3f44ea0c00f44.bos.veripb.out,/wrk-kappa/users/chrisjab/gbd-experiments/mo-proofs-reruns/results/07bf0e9791e8c94100b3f44ea0c00f44.bos.veripb.var,/wrk-kappa/users/chrisjab/gbd-experiments/mo-proofs-reruns/results/07bf0e9791e8c94100b3f44ea0c00f44.bos.veripb.wat
0a92f0b6321097b10c84e4cd4c64c66f,0,solved,5523.74,1403068,kale-804.local.cs.helsinki.fi,11,/wrk-kappa/users/chrisjab/gbd-experiments/mo-proofs-reruns/results/0a92f0b6321097b10c84e4cd4c64c66f.bos.veripb.out,/wrk-kappa/users/chrisjab/gbd-experiments/mo-proofs-reruns/results/0a92f0b6321097b10c84e4cd4c64c66f.bos.veripb.var,/wrk-kappa/users/chrisjab/gbd-experiments/mo-proofs-reruns/results/0a92f0b6321097b10c84e4cd4c64c66f.bos.veripb.wat
0bc6c5e6674f0cd4aa4c3bf1cf2ebc70,0,solved,1455.54,1271048,kale-814.local.cs.helsinki.fi,12,/wrk-kappa/users/chrisjab/gbd-experiments/mo-proofs-reruns/results/0bc6c5e6674f0cd4aa4c3bf1cf2ebc70.bos.veripb.out,/wrk-kappa/users/chrisjab/gbd-experiments/mo-proofs-reruns/results/0bc6c5e6674f0cd4aa4c3bf1cf2ebc70.bos.veripb.var,/wrk-kappa/users/chrisjab/gbd-experiments/mo-proofs-reruns/results/0bc6c5e6674f0cd4aa4c3bf1cf2ebc70.bos.veripb.wat
0ec932de353de4de3bc67c4caec08bb9,0,solved,1.54581,61152,kale-810.local.cs.helsinki.fi,14,/wrk-kappa/users/chrisjab/gbd-experiments/mo-proofs-reruns/results/0ec932de353de4de3bc67c4caec08bb9.bos.veripb.out,/wrk-kappa/users/chrisjab/gbd-experiments/mo-proofs-reruns/results/0ec932de353de4de3bc67c4caec08bb9.bos.veripb.var,/wrk-kappa/users/chrisjab/gbd-experiments/mo-proofs-reruns/results/0ec932de353de4de3bc67c4caec08bb9.bos.veripb.wat
1315c7a70e5233b354e17e8eb55fa9e9,0,solved,3398.71,894096,kale-810.local.cs.helsinki.fi,16,/wrk-kappa/users/chrisjab/gbd-experiments/mo-proofs-reruns/results/1315c7a70e5233b354e17e8eb55fa9e9.bos.veripb.out,/wrk-kappa/users/chrisjab/gbd-experiments/mo-proofs-reruns/results/1315c7a70e5233b354e17e8eb55fa9e9.bos.veripb.var,/wrk-kappa/users/chrisjab/gbd-experiments/mo-proofs-reruns/results/1315c7a70e5233b354e17e8eb55fa9e9.bos.veripb.wat
13d31acb79375c7fddc4c7dcfb2dacf9,0,solved,5212.32,6667572,kale-804.local.cs.helsinki.fi,17,/wrk-kappa/users/chrisjab/gbd-experiments/mo-proofs-reruns/results/13d31acb79375c7fddc4c7dcfb2dacf9.bos.veripb.out,/wrk-kappa/users/chrisjab/gbd-experiments/mo-proofs-reruns/results/13d31acb79375c7fddc4c7dcfb2dacf9.bos.veripb.var,/wrk-kappa/users/chrisjab/gbd-experiments/mo-proofs-reruns/results/13d31acb79375c7fddc4c7dcfb2dacf9.bos.veripb.wat
14ebdfdede4d00ddb39afd0ec2e96272,0,solved,345.026,2460420,kale-808.local.cs.helsinki.fi,18,/wrk-kappa/users/chrisjab/gbd-experiments/mo-proofs-reruns/results/14ebdfdede4d00ddb39afd0ec2e96272.bos.veripb.out,/wrk-kappa/users/chrisjab/gbd-experiments/mo-proofs-reruns/results/14ebdfdede4d00ddb39afd0ec2e96272.bos.veripb.var,/wrk-kappa/users/chrisjab/gbd-experiments/mo-proofs-reruns/results/14ebdfdede4d00ddb39afd0ec2e96272.bos.veripb.wat
1502e8556290e5b1a5275e952c42a374,0,solved,3558.23,8075520,kale-810.local.cs.helsinki.fi,19,/wrk-kappa/users/chrisjab/gbd-experiments/mo-proofs-reruns/results/1502e8556290e5b1a5275e952c42a374.bos.veripb.out,/wrk-kappa/users/chrisjab/gbd-experiments/mo-proofs-reruns/results/1502e8556290e5b1a5275e952c42a374.bos.veripb.var,/wrk-kappa/users/chrisjab/gbd-experiments/mo-proofs-reruns/results/1502e8556290e5b1a5275e952c42a374.bos.veripb.wat
1a4e608b8d8a1f0420d16d02d70b05a0,0,solved,5728.34,18453280,kale-813.local.cs.helsinki.fi,20,/wrk-kappa/users/chrisjab/gbd-experiments/mo-proofs-reruns/results/1a4e608b8d8a1f0420d16d02d70b05a0.bos.veripb.out,/wrk-kappa/users/chrisjab/gbd-experiments/mo-proofs-reruns/results/1a4e608b8d8a1f0420d16d02d70b05a0.bos.veripb.var,/wrk-kappa/users/chrisjab/gbd-experiments/mo-proofs-reruns/results/1a4e608b8d8a1f0420d16d02d70b05a0.bos.veripb.wat
1c124d4903de29a6242f36f2c4da3c2d,0,solved,8335.8,9474368,kale-802.local.cs.helsinki.fi,21,/wrk-kappa/users/chrisjab/gbd-experiments/mo-proofs-reruns/results/1c124d4903de29a6242f36f2c4da3c2d.bos.veripb.out,/wrk-kappa/users/chrisjab/gbd-experiments/mo-proofs-reruns/results/1c124d4903de29a6242f36f2c4da3c2d.bos.veripb.var,/wrk-kappa/users/chrisjab/gbd-experiments/mo-proofs-reruns/results/1c124d4903de29a6242f36f2c4da3c2d.bos.veripb.wat
27f27886984b4ddc53c1fa3ada3481db,0,solved,8315.92,22889080,kale-812.local.cs.helsinki.fi,24,/wrk-kappa/users/chrisjab/gbd-experiments/mo-proofs-reruns/results/27f27886984b4ddc53c1fa3ada3481db.bos.veripb.out,/wrk-kappa/users/chrisjab/gbd-experiments/mo-proofs-reruns/results/27f27886984b4ddc53c1fa3ada3481db.bos.veripb.var,/wrk-kappa/users/chrisjab/gbd-experiments/mo-proofs-reruns/results/27f27886984b4ddc53c1fa3ada3481db.bos.veripb.wat
2ff24a5dced797320f27232466bce889,0,solved,8495.67,15271660,kale-817.local.cs.helsinki.fi,27,/wrk-kappa/users/chrisjab/gbd-experiments/mo-proofs-reruns/results/2ff24a5dced797320f27232466bce889.bos.veripb.out,/wrk-kappa/users/chrisjab/gbd-experiments/mo-proofs-reruns/results/2ff24a5dced797320f27232466bce889.bos.veripb.var,/wrk-kappa/users/chrisjab/gbd-experiments/mo-proofs-reruns/results/2ff24a5dced797320f27232466bce889.bos.veripb.wat
31e4ff66d1ebe5140fecb150d6ae30c4,0,solved,1018.63,3759352,kale-808.local.cs.helsinki.fi,28,/wrk-kappa/users/chrisjab/gbd-experiments/mo-proofs-reruns/results/31e4ff66d1ebe5140fecb150d6ae30c4.bos.veripb.out,/wrk-kappa/users/chrisjab/gbd-experiments/mo-proofs-reruns/results/31e4ff66d1ebe5140fecb150d6ae30c4.bos.veripb.var,/wrk-kappa/users/chrisjab/gbd-experiments/mo-proofs-reruns/results/31e4ff66d1ebe5140fecb150d6ae30c4.bos.veripb.wat
32fe4527cc9d2c943f03b2ae19ba0611,0,solved,11.2805,145552,kale-812.local.cs.helsinki.fi,29,/wrk-kappa/users/chrisjab/gbd-experiments/mo-proofs-reruns/results/32fe4527cc9d2c943f03b2ae19ba0611.bos.veripb.out,/wrk-kappa/users/chrisjab/gbd-experiments/mo-proofs-reruns/results/32fe4527cc9d2c943f03b2ae19ba0611.bos.veripb.var,/wrk-kappa/users/chrisjab/gbd-experiments/mo-proofs-reruns/results/32fe4527cc9d2c943f03b2ae19ba0611.bos.veripb.wat
3318c7296eb4e2daf1600b4a995439ee,0,solved,221.874,1760948,kale-812.local.cs.helsinki.fi,30,/wrk-kappa/users/chrisjab/gbd-experiments/mo-proofs-reruns/results/3318c7296eb4e2daf1600b4a995439ee.bos.veripb.out,/wrk-kappa/users/chrisjab/gbd-experiments/mo-proofs-reruns/results/3318c7296eb4e2daf1600b4a995439ee.bos.veripb.var,/wrk-kappa/users/chrisjab/gbd-experiments/mo-proofs-reruns/results/3318c7296eb4e2daf1600b4a995439ee.bos.veripb.wat
3435234134749262bd452fff55ca0570,0,solved,192.407,1348912,kale-812.local.cs.helsinki.fi,31,/wrk-kappa/users/chrisjab/gbd-experiments/mo-proofs-reruns/results/3435234134749262bd452fff55ca0570.bos.veripb.out,/wrk-kappa/users/chrisjab/gbd-experiments/mo-proofs-reruns/results/3435234134749262bd452fff55ca0570.bos.veripb.var,/wrk-kappa/users/chrisjab/gbd-experiments/mo-proofs-reruns/results/3435234134749262bd452fff55ca0570.bos.veripb.wat
3a24598408dda4cef696c5358399e8a4,0,solved,211.911,491008,kale-812.local.cs.helsinki.fi,34,/wrk-kappa/users/chrisjab/gbd-experiments/mo-proofs-reruns/results/3a24598408dda4cef696c5358399e8a4.bos.veripb.out,/wrk-kappa/users/chrisjab/gbd-experiments/mo-proofs-reruns/results/3a24598408dda4cef696c5358399e8a4.bos.veripb.var,/wrk-kappa/users/chrisjab/gbd-experiments/mo-proofs-reruns/results/3a24598408dda4cef696c5358399e8a4.bos.veripb.wat
401891b1d8264e88f74cf81d62ea14ce,0,solved,2897.13,1596188,kale-811.local.cs.helsinki.fi,38,/wrk-kappa/users/chrisjab/gbd-experiments/mo-proofs-reruns/results/401891b1d8264e88f74cf81d62ea14ce.bos.veripb.out,/wrk-kappa/users/chrisjab/gbd-experiments/mo-proofs-reruns/results/401891b1d8264e88f74cf81d62ea14ce.bos.veripb.var,/wrk-kappa/users/chrisjab/gbd-experiments/mo-proofs-reruns/results/401891b1d8264e88f74cf81d62ea14ce.bos.veripb.wat
4f6237dc32086b905e38df19c02b2497,0,solved,146.761,791412,kale-811.local.cs.helsinki.fi,40,/wrk-kappa/users/chrisjab/gbd-experiments/mo-proofs-reruns/results/4f6237dc32086b905e38df19c02b2497.bos.veripb.out,/wrk-kappa/users/chrisjab/gbd-experiments/mo-proofs-reruns/results/4f6237dc32086b905e38df19c02b2497.bos.veripb.var,/wrk-kappa/users/chrisjab/gbd-experiments/mo-proofs-reruns/results/4f6237dc32086b905e38df19c02b2497.bos.veripb.wat
579a16a81adc704de38e7a8e5f265d24,0,solved,1669.6,5960952,kale-816.local.cs.helsinki.fi,42,/wrk-kappa/users/chrisjab/gbd-experiments/mo-proofs-reruns/results/579a16a81adc704de38e7a8e5f265d24.bos.veripb.out,/wrk-kappa/users/chrisjab/gbd-experiments/mo-proofs-reruns/results/579a16a81adc704de38e7a8e5f265d24.bos.veripb.var,/wrk-kappa/users/chrisjab/gbd-experiments/mo-proofs-reruns/results/579a16a81adc704de38e7a8e5f265d24.bos.veripb.wat
5a1eb585ce69f117a69ed97d19588f26,0,solved,2628.47,9418828,kale-804.local.cs.helsinki.fi,43,/wrk-kappa/users/chrisjab/gbd-experiments/mo-proofs-reruns/results/5a1eb585ce69f117a69ed97d19588f26.bos.veripb.out,/wrk-kappa/users/chrisjab/gbd-experiments/mo-proofs-reruns/results/5a1eb585ce69f117a69ed97d19588f26.bos.veripb.var,/wrk-kappa/users/chrisjab/gbd-experiments/mo-proofs-reruns/results/5a1eb585ce69f117a69ed97d19588f26.bos.veripb.wat
61755b78779543d662b98e52fb365aad,0,solved,213.543,1230172,kale-812.local.cs.helsinki.fi,47,/wrk-kappa/users/chrisjab/gbd-experiments/mo-proofs-reruns/results/61755b78779543d662b98e52fb365aad.bos.veripb.out,/wrk-kappa/users/chrisjab/gbd-experiments/mo-proofs-reruns/results/61755b78779543d662b98e52fb365aad.bos.veripb.var,/wrk-kappa/users/chrisjab/gbd-experiments/mo-proofs-reruns/results/61755b78779543d662b98e52fb365aad.bos.veripb.wat
651a2c3f5586e3bd58287bd516c68762,0,solved,8900.95,15600156,kale-812.local.cs.helsinki.fi,49,/wrk-kappa/users/chrisjab/gbd-experiments/mo-proofs-reruns/results/651a2c3f5586e3bd58287bd516c68762.bos.veripb.out,/wrk-kappa/users/chrisjab/gbd-experiments/mo-proofs-reruns/results/651a2c3f5586e3bd58287bd516c68762.bos.veripb.var,/wrk-kappa/users/chrisjab/gbd-experiments/mo-proofs-reruns/results/651a2c3f5586e3bd58287bd516c68762.bos.veripb.wat
66df4b4dfbcebeedae549fdb11380b9e,0,solved,91.2588,239792,kale-811.local.cs.helsinki.fi,50,/wrk-kappa/users/chrisjab/gbd-experiments/mo-proofs-reruns/results/66df4b4dfbcebeedae549fdb11380b9e.bos.veripb.out,/wrk-kappa/users/chrisjab/gbd-experiments/mo-proofs-reruns/results/66df4b4dfbcebeedae549fdb11380b9e.bos.veripb.var,/wrk-kappa/users/chrisjab/gbd-experiments/mo-proofs-reruns/results/66df4b4dfbcebeedae549fdb11380b9e.bos.veripb.wat
6cd6fadd2059109232e5261dcadbc5b4,0,solved,436.477,2685828,kale-814.local.cs.helsinki.fi,51,/wrk-kappa/users/chrisjab/gbd-experiments/mo-proofs-reruns/results/6cd6fadd2059109232e5261dcadbc5b4.bos.veripb.out,/wrk-kappa/users/chrisjab/gbd-experiments/mo-proofs-reruns/results/6cd6fadd2059109232e5261dcadbc5b4.bos.veripb.var,/wrk-kappa/users/chrisjab/gbd-experiments/mo-proofs-reruns/results/6cd6fadd2059109232e5261dcadbc5b4.bos.veripb.wat
6e306917c770ef1e82acf83e832bd7b6,0,solved,256.968,1433356,kale-811.local.cs.helsinki.fi,53,/wrk-kappa/users/chrisjab/gbd-experiments/mo-proofs-reruns/results/6e306917c770ef1e82acf83e832bd7b6.bos.veripb.out,/wrk-kappa/users/chrisjab/gbd-experiments/mo-proofs-reruns/results/6e306917c770ef1e82acf83e832bd7b6.bos.veripb.var,/wrk-kappa/users/chrisjab/gbd-experiments/mo-proofs-reruns/results/6e306917c770ef1e82acf83e832bd7b6.bos.veripb.wat
6f14e8ad27368dfc7662760ab43c28c2,0,solved,986.859,750900,kale-812.local.cs.helsinki.fi,54,/wrk-kappa/users/chrisjab/gbd-experiments/mo-proofs-reruns/results/6f14e8ad27368dfc7662760ab43c28c2.bos.veripb.out,/wrk-kappa/users/chrisjab/gbd-experiments/mo-proofs-reruns/results/6f14e8ad27368dfc7662760ab43c28c2.bos.veripb.var,/wrk-kappa/users/chrisjab/gbd-experiments/mo-proofs-reruns/results/6f14e8ad27368dfc7662760ab43c28c2.bos.veripb.wat
6f467a10785cb8c5180815495dc103e3,0,solved,2248.11,710720,kale-808.local.cs.helsinki.fi,55,/wrk-kappa/users/chrisjab/gbd-experiments/mo-proofs-reruns/results/6f467a10785cb8c5180815495dc103e3.bos.veripb.out,/wrk-kappa/users/chrisjab/gbd-experiments/mo-proofs-reruns/results/6f467a10785cb8c5180815495dc103e3.bos.veripb.var,/wrk-kappa/users/chrisjab/gbd-experiments/mo-proofs-reruns/results/6f467a10785cb8c5180815495dc103e3.bos.veripb.wat
793454eded174e060d4dbe0559ae2591,0,solved,3778.96,9596512,kale-811.local.cs.helsinki.fi,60,/wrk-kappa/users/chrisjab/gbd-experiments/mo-proofs-reruns/results/793454eded174e060d4dbe0559ae2591.bos.veripb.out,/wrk-kappa/users/chrisjab/gbd-experiments/mo-proofs-reruns/results/793454eded174e060d4dbe0559ae2591.bos.veripb.var,/wrk-kappa/users/chrisjab/gbd-experiments/mo-proofs-reruns/results/793454eded174e060d4dbe0559ae2591.bos.veripb.wat
7c7cca64b0a56b4a0eb2896597d73b4a,0,solved,1532.78,7873648,kale-814.local.cs.helsinki.fi,62,/wrk-kappa/users/chrisjab/gbd-experiments/mo-proofs-reruns/results/7c7cca64b0a56b4a0eb2896597d73b4a.bos.veripb.out,/wrk-kappa/users/chrisjab/gbd-experiments/mo-proofs-reruns/results/7c7cca64b0a56b4a0eb2896597d73b4a.bos.veripb.var,/wrk-kappa/users/chrisjab/gbd-experiments/mo-proofs-reruns/results/7c7cca64b0a56b4a0eb2896597d73b4a.bos.veripb.wat
827f6828784e779af21f189c6ecf386a,0,solved,1255.84,908052,kale-816.local.cs.helsinki.fi,64,/wrk-kappa/users/chrisjab/gbd-experiments/mo-proofs-reruns/results/827f6828784e779af21f189c6ecf386a.bos.veripb.out,/wrk-kappa/users/chrisjab/gbd-experiments/mo-proofs-reruns/results/827f6828784e779af21f189c6ecf386a.bos.veripb.var,/wrk-kappa/users/chrisjab/gbd-experiments/mo-proofs-reruns/results/827f6828784e779af21f189c6ecf386a.bos.veripb.wat
8f0e2886b7abf537a04fa1999caad5d0,0,solved,735.73,3084124,kale-809.local.cs.helsinki.fi,66,/wrk-kappa/users/chrisjab/gbd-experiments/mo-proofs-reruns/results/8f0e2886b7abf537a04fa1999caad5d0.bos.veripb.out,/wrk-kappa/users/chrisjab/gbd-experiments/mo-proofs-reruns/results/8f0e2886b7abf537a04fa1999caad5d0.bos.veripb.var,/wrk-kappa/users/chrisjab/gbd-experiments/mo-proofs-reruns/results/8f0e2886b7abf537a04fa1999caad5d0.bos.veripb.wat
8f600311e42396f138c28288a38e0116,0,solved,1637.8,5741520,kale-806.local.cs.helsinki.fi,67,/wrk-kappa/users/chrisjab/gbd-experiments/mo-proofs-reruns/results/8f600311e42396f138c28288a38e0116.bos.veripb.out,/wrk-kappa/users/chrisjab/gbd-experiments/mo-proofs-reruns/results/8f600311e42396f138c28288a38e0116.bos.veripb.var,/wrk-kappa/users/chrisjab/gbd-experiments/mo-proofs-reruns/results/8f600311e42396f138c28288a38e0116.bos.veripb.wat
8f9892dedefe1b8aabc92f1bb82aded1,0,solved,2459.69,1345220,kale-812.local.cs.helsinki.fi,68,/wrk-kappa/users/chrisjab/gbd-experiments/mo-proofs-reruns/results/8f9892dedefe1b8aabc92f1bb82aded1.bos.veripb.out,/wrk-kappa/users/chrisjab/gbd-experiments/mo-proofs-reruns/results/8f9892dedefe1b8aabc92f1bb82aded1.bos.veripb.var,/wrk-kappa/users/chrisjab/gbd-experiments/mo-proofs-reruns/results/8f9892dedefe1b8aabc92f1bb82aded1.bos.veripb.wat
90a40092dcce02c580e0ca61bef28ff9,0,solved,352.465,2132324,kale-803.local.cs.helsinki.fi,69,/wrk-kappa/users/chrisjab/gbd-experiments/mo-proofs-reruns/results/90a40092dcce02c580e0ca61bef28ff9.bos.veripb.out,/wrk-kappa/users/chrisjab/gbd-experiments/mo-proofs-reruns/results/90a40092dcce02c580e0ca61bef28ff9.bos.veripb.var,/wrk-kappa/users/chrisjab/gbd-experiments/mo-proofs-reruns/results/90a40092dcce02c580e0ca61bef28ff9.bos.veripb.wat
96366878e0a30f295d7c308c2094db3f,0,solved,2.47286,66936,kale-816.local.cs.helsinki.fi,70,/wrk-kappa/users/chrisjab/gbd-experiments/mo-proofs-reruns/results/96366878e0a30f295d7c308c2094db3f.bos.veripb.out,/wrk-kappa/users/chrisjab/gbd-experiments/mo-proofs-reruns/results/96366878e0a30f295d7c308c2094db3f.bos.veripb.var,/wrk-kappa/users/chrisjab/gbd-experiments/mo-proofs-reruns/results/96366878e0a30f295d7c308c2094db3f.bos.veripb.wat
978070b7d5c4d72387420381ca7d5c05,0,solved,40.7955,161628,kale-816.local.cs.helsinki.fi,71,/wrk-kappa/users/chrisjab/gbd-experiments/mo-proofs-reruns/results/978070b7d5c4d72387420381ca7d5c05.bos.veripb.out,/wrk-kappa/users/chrisjab/gbd-experiments/mo-proofs-reruns/results/978070b7d5c4d72387420381ca7d5c05.bos.veripb.var,/wrk-kappa/users/chrisjab/gbd-experiments/mo-proofs-reruns/results/978070b7d5c4d72387420381ca7d5c05.bos.veripb.wat
97c32aeae9382ac4b232761f5ab5c94f,0,solved,874.484,1144044,kale-810.local.cs.helsinki.fi,72,/wrk-kappa/users/chrisjab/gbd-experiments/mo-proofs-reruns/results/97c32aeae9382ac4b232761f5ab5c94f.bos.veripb.out,/wrk-kappa/users/chrisjab/gbd-experiments/mo-proofs-reruns/results/97c32aeae9382ac4b232761f5ab5c94f.bos.veripb.var,/wrk-kappa/users/chrisjab/gbd-experiments/mo-proofs-reruns/results/97c32aeae9382ac4b232761f5ab5c94f.bos.veripb.wat
9a0771156f5c0b837b1d50fa633a238f,0,solved,234.732,315328,kale-816.local.cs.helsinki.fi,73,/wrk-kappa/users/chrisjab/gbd-experiments/mo-proofs-reruns/results/9a0771156f5c0b837b1d50fa633a238f.bos.veripb.out,/wrk-kappa/users/chrisjab/gbd-experiments/mo-proofs-reruns/results/9a0771156f5c0b837b1d50fa633a238f.bos.veripb.var,/wrk-kappa/users/chrisjab/gbd-experiments/mo-proofs-reruns/results/9a0771156f5c0b837b1d50fa633a238f.bos.veripb.wat
9a8d3c5dc7be7ff0f8584ee35beba509,0,solved,2513.27,9048008,kale-803.local.cs.helsinki.fi,74,/wrk-kappa/users/chrisjab/gbd-experiments/mo-proofs-reruns/results/9a8d3c5dc7be7ff0f8584ee35beba509.bos.veripb.out,/wrk-kappa/users/chrisjab/gbd-experiments/mo-proofs-reruns/results/9a8d3c5dc7be7ff0f8584ee35beba509.bos.veripb.var,/wrk-kappa/users/chrisjab/gbd-experiments/mo-proofs-reruns/results/9a8d3c5dc7be7ff0f8584ee35beba509.bos.veripb.wat
a388e15995c7241eca6e03fadbfe4ae9,0,solved,122.696,302420,kale-809.local.cs.helsinki.fi,78,/wrk-kappa/users/chrisjab/gbd-experiments/mo-proofs-reruns/results/a388e15995c7241eca6e03fadbfe4ae9.bos.veripb.out,/wrk-kappa/users/chrisjab/gbd-experiments/mo-proofs-reruns/results/a388e15995c7241eca6e03fadbfe4ae9.bos.veripb.var,/wrk-kappa/users/chrisjab/gbd-experiments/mo-proofs-reruns/results/a388e15995c7241eca6e03fadbfe4ae9.bos.veripb.wat
a83c6a93bea27d60d464843c14edc9cf,0,solved,754.697,3618120,kale-816.local.cs.helsinki.fi,80,/wrk-kappa/users/chrisjab/gbd-experiments/mo-proofs-reruns/results/a83c6a93bea27d60d464843c14edc9cf.bos.veripb.out,/wrk-kappa/users/chrisjab/gbd-experiments/mo-proofs-reruns/results/a83c6a93bea27d60d464843c14edc9cf.bos.veripb.var,/wrk-kappa/users/chrisjab/gbd-experiments/mo-proofs-reruns/results/a83c6a93bea27d60d464843c14edc9cf.bos.veripb.wat
b2bdb714388e52e8534b5ce5068e276e,0,solved,1.13248,57724,kale-805.local.cs.helsinki.fi,83,/wrk-kappa/users/chrisjab/gbd-experiments/mo-proofs-reruns/results/b2bdb714388e52e8534b5ce5068e276e.bos.veripb.out,/wrk-kappa/users/chrisjab/gbd-experiments/mo-proofs-reruns/results/b2bdb714388e52e8534b5ce5068e276e.bos.veripb.var,/wrk-kappa/users/chrisjab/gbd-experiments/mo-proofs-reruns/results/b2bdb714388e52e8534b5ce5068e276e.bos.veripb.wat
b5e4bd22b32dbbf803700d5df1e3e656,0,solved,3725.37,8969708,kale-805.local.cs.helsinki.fi,84,/wrk-kappa/users/chrisjab/gbd-experiments/mo-proofs-reruns/results/b5e4bd22b32dbbf803700d5df1e3e656.bos.veripb.out,/wrk-kappa/users/chrisjab/gbd-experiments/mo-proofs-reruns/results/b5e4bd22b32dbbf803700d5df1e3e656.bos.veripb.var,/wrk-kappa/users/chrisjab/gbd-experiments/mo-proofs-reruns/results/b5e4bd22b32dbbf803700d5df1e3e656.bos.veripb.wat
ba640c8bcc64b7ccec60abe0e69ef2da,0,solved,374.882,2375292,kale-809.local.cs.helsinki.fi,85,/wrk-kappa/users/chrisjab/gbd-experiments/mo-proofs-reruns/results/ba640c8bcc64b7ccec60abe0e69ef2da.bos.veripb.out,/wrk-kappa/users/chrisjab/gbd-experiments/mo-proofs-reruns/results/ba640c8bcc64b7ccec60abe0e69ef2da.bos.veripb.var,/wrk-kappa/users/chrisjab/gbd-experiments/mo-proofs-reruns/results/ba640c8bcc64b7ccec60abe0e69ef2da.bos.veripb.wat
bb13afa699ff48f5272be04258fb452c,0,solved,29.3949,104124,kale-804.local.cs.helsinki.fi,86,/wrk-kappa/users/chrisjab/gbd-experiments/mo-proofs-reruns/results/bb13afa699ff48f5272be04258fb452c.bos.veripb.out,/wrk-kappa/users/chrisjab/gbd-experiments/mo-proofs-reruns/results/bb13afa699ff48f5272be04258fb452c.bos.veripb.var,/wrk-kappa/users/chrisjab/gbd-experiments/mo-proofs-reruns/results/bb13afa699ff48f5272be04258fb452c.bos.veripb.wat
c400916c81899ae47f7fb4aa702f88e3,0,solved,2537.26,9941380,kale-804.local.cs.helsinki.fi,88,/wrk-kappa/users/chrisjab/gbd-experiments/mo-proofs-reruns/results/c400916c81899ae47f7fb4aa702f88e3.bos.veripb.out,/wrk-kappa/users/chrisjab/gbd-experiments/mo-proofs-reruns/results/c400916c81899ae47f7fb4aa702f88e3.bos.veripb.var,/wrk-kappa/users/chrisjab/gbd-experiments/mo-proofs-reruns/results/c400916c81899ae47f7fb4aa702f88e3.bos.veripb.wat
cc4458dccc0bf33ca10eab9e08994295,0,solved,1496.72,5766736,kale-814.local.cs.helsinki.fi,93,/wrk-kappa/users/chrisjab/gbd-experiments/mo-proofs-reruns/results/cc4458dccc0bf33ca10eab9e08994295.bos.veripb.out,/wrk-kappa/users/chrisjab/gbd-experiments/mo-proofs-reruns/results/cc4458dccc0bf33ca10eab9e08994295.bos.veripb.var,/wrk-kappa/users/chrisjab/gbd-experiments/mo-proofs-reruns/results/cc4458dccc0bf33ca10eab9e08994295.bos.veripb.wat
d1a3720661bcd2ac09a173fbb65a9d5d,0,solved,2395.31,6844536,kale-816.local.cs.helsinki.fi,98,/wrk-kappa/users/chrisjab/gbd-experiments/mo-proofs-reruns/results/d1a3720661bcd2ac09a173fbb65a9d5d.bos.veripb.out,/wrk-kappa/users/chrisjab/gbd-experiments/mo-proofs-reruns/results/d1a3720661bcd2ac09a173fbb65a9d5d.bos.veripb.var,/wrk-kappa/users/chrisjab/gbd-experiments/mo-proofs-reruns/results/d1a3720661bcd2ac09a173fbb65a9d5d.bos.veripb.wat
d62f54e49fcbb28e69412b137d678cb2,0,solved,3125.33,6625068,kale-810.local.cs.helsinki.fi,102,/wrk-kappa/users/chrisjab/gbd-experiments/mo-proofs-reruns/results/d62f54e49fcbb28e69412b137d678cb2.bos.veripb.out,/wrk-kappa/users/chrisjab/gbd-experiments/mo-proofs-reruns/results/d62f54e49fcbb28e69412b137d678cb2.bos.veripb.var,/wrk-kappa/users/chrisjab/gbd-experiments/mo-proofs-reruns/results/d62f54e49fcbb28e69412b137d678cb2.bos.veripb.wat
d783d85d0872b899de3fa7e601256a14,0,solved,1883.32,3755940,kale-817.local.cs.helsinki.fi,103,/wrk-kappa/users/chrisjab/gbd-experiments/mo-proofs-reruns/results/d783d85d0872b899de3fa7e601256a14.bos.veripb.out,/wrk-kappa/users/chrisjab/gbd-experiments/mo-proofs-reruns/results/d783d85d0872b899de3fa7e601256a14.bos.veripb.var,/wrk-kappa/users/chrisjab/gbd-experiments/mo-proofs-reruns/results/d783d85d0872b899de3fa7e601256a14.bos.veripb.wat
dad22b18890df09493f04dd2bbd6ca05,0,solved,9.61683,105564,kale-809.local.cs.helsinki.fi,104,/wrk-kappa/users/chrisjab/gbd-experiments/mo-proofs-reruns/results/dad22b18890df09493f04dd2bbd6ca05.bos.veripb.out,/wrk-kappa/users/chrisjab/gbd-experiments/mo-proofs-reruns/results/dad22b18890df09493f04dd2bbd6ca05.bos.veripb.var,/wrk-kappa/users/chrisjab/gbd-experiments/mo-proofs-reruns/results/dad22b18890df09493f04dd2bbd6ca05.bos.veripb.wat
daefb90c84e11995cfab417041e6ce7a,0,solved,234.746,1721524,kale-809.local.cs.helsinki.fi,105,/wrk-kappa/users/chrisjab/gbd-experiments/mo-proofs-reruns/results/daefb90c84e11995cfab417041e6ce7a.bos.veripb.out,/wrk-kappa/users/chrisjab/gbd-experiments/mo-proofs-reruns/results/daefb90c84e11995cfab417041e6ce7a.bos.veripb.var,/wrk-kappa/users/chrisjab/gbd-experiments/mo-proofs-reruns/results/daefb90c84e11995cfab417041e6ce7a.bos.veripb.wat
e742b3c9b7bc59c8157d6d7bb172794e,0,solved,1699.16,3481928,kale-810.local.cs.helsinki.fi,109,/wrk-kappa/users/chrisjab/gbd-experiments/mo-proofs-reruns/results/e742b3c9b7bc59c8157d6d7bb172794e.bos.veripb.out,/wrk-kappa/users/chrisjab/gbd-experiments/mo-proofs-reruns/results/e742b3c9b7bc59c8157d6d7bb172794e.bos.veripb.var,/wrk-kappa/users/chrisjab/gbd-experiments/mo-proofs-reruns/results/e742b3c9b7bc59c8157d6d7bb172794e.bos.veripb.wat
eaf667adc64c04edafd12f56b6dc81e3,0,solved,3141.26,6842364,kale-808.local.cs.helsinki.fi,111,/wrk-kappa/users/chrisjab/gbd-experiments/mo-proofs-reruns/results/eaf667adc64c04edafd12f56b6dc81e3.bos.veripb.out,/wrk-kappa/users/chrisjab/gbd-experiments/mo-proofs-reruns/results/eaf667adc64c04edafd12f56b6dc81e3.bos.veripb.var,/wrk-kappa/users/chrisjab/gbd-experiments/mo-proofs-reruns/results/eaf667adc64c04edafd12f56b6dc81e3.bos.veripb.wat
ebcb111a3a1b506efaec9aeaee26a8c5,0,solved,75.7072,251188,kale-810.local.cs.helsinki.fi,112,/wrk-kappa/users/chrisjab/gbd-experiments/mo-proofs-reruns/results/ebcb111a3a1b506efaec9aeaee26a8c5.bos.veripb.out,/wrk-kappa/users/chrisjab/gbd-experiments/mo-proofs-reruns/results/ebcb111a3a1b506efaec9aeaee26a8c5.bos.veripb.var,/wrk-kappa/users/chrisjab/gbd-experiments/mo-proofs-reruns/results/ebcb111a3a1b506efaec9aeaee26a8c5.bos.veripb.wat
ebfe7101d245987cc62159addd8f3859,0,solved,2042.54,646700,kale-812.local.cs.helsinki.fi,113,/wrk-kappa/users/chrisjab/gbd-experiments/mo-proofs-reruns/results/ebfe7101d245987cc62159addd8f3859.bos.veripb.out,/wrk-kappa/users/chrisjab/gbd-experiments/mo-proofs-reruns/results/ebfe7101d245987cc62159addd8f3859.bos.veripb.var,/wrk-kappa/users/chrisjab/gbd-experiments/mo-proofs-reruns/results/ebfe7101d245987cc62159addd8f3859.bos.veripb.wat
f32ce767f7530924efe82f1cd6780cea,0,solved,48.5714,198252,kale-804.local.cs.helsinki.fi,115,/wrk-kappa/users/chrisjab/gbd-experiments/mo-proofs-reruns/results/f32ce767f7530924efe82f1cd6780cea.bos.veripb.out,/wrk-kappa/users/chrisjab/gbd-experiments/mo-proofs-reruns/results/f32ce767f7530924efe82f1cd6780cea.bos.veripb.var,/wrk-kappa/users/chrisjab/gbd-experiments/mo-proofs-reruns/results/f32ce767f7530924efe82f1cd6780cea.bos.veripb.wat
f78ef3aef60b51b5f439105b2995d225,0,solved,1219.12,5454316,kale-809.local.cs.helsinki.fi,118,/wrk-kappa/users/chrisjab/gbd-experiments/mo-proofs-reruns/results/f78ef3aef60b51b5f439105b2995d225.bos.veripb.out,/wrk-kappa/users/chrisjab/gbd-experiments/mo-proofs-reruns/results/f78ef3aef60b51b5f439105b2995d225.bos.veripb.var,/wrk-kappa/users/chrisjab/gbd-experiments/mo-proofs-reruns/results/f78ef3aef60b51b5f439105b2995d225.bos.veripb.wat
fbc39383132ce803f437210dc49afd17,0,solved,1030,4378352,kale-810.local.cs.helsinki.fi,119,/wrk-kappa/users/chrisjab/gbd-experiments/mo-proofs-reruns/results/fbc39383132ce803f437210dc49afd17.bos.veripb.out,/wrk-kappa/users/chrisjab/gbd-experiments/mo-proofs-reruns/results/fbc39383132ce803f437210dc49afd17.bos.veripb.var,/wrk-kappa/users/chrisjab/gbd-experiments/mo-proofs-reruns/results/fbc39383132ce803f437210dc49afd17.bos.veripb.wat
