hash,lb_nocb_veripb_exitcode,lb_nocb_veripb_result,lb_nocb_veripb_CPUTIME,lb_nocb_veripb_MAXVM,lb_nocb_veripb_HOSTNAME,lb_nocb_veripb_SLURM_ARRAY_TASK_ID,lb_nocb_veripb_out,lb_nocb_veripb_var,lb_nocb_veripb_wat
009f795766e470b1e3f38815240eeae3,0,solved,460.139,835584,kale-804.local.cs.helsinki.fi,1,/wrk-kappa/users/chrisjab/gbd-experiments/mo-proofs-reruns/results/009f795766e470b1e3f38815240eeae3.lb-nocb.veripb.out,/wrk-kappa/users/chrisjab/gbd-experiments/mo-proofs-reruns/results/009f795766e470b1e3f38815240eeae3.lb-nocb.veripb.var,/wrk-kappa/users/chrisjab/gbd-experiments/mo-proofs-reruns/results/009f795766e470b1e3f38815240eeae3.lb-nocb.veripb.wat
01e6ba61c8ac436a870013cbc0373579,0,solved,790.074,1647204,kale-804.local.cs.helsinki.fi,3,/wrk-kappa/users/chrisjab/gbd-experiments/mo-proofs-reruns/results/01e6ba61c8ac436a870013cbc0373579.lb-nocb.veripb.out,/wrk-kappa/users/chrisjab/gbd-experiments/mo-proofs-reruns/results/01e6ba61c8ac436a870013cbc0373579.lb-nocb.veripb.var,/wrk-kappa/users/chrisjab/gbd-experiments/mo-proofs-reruns/results/01e6ba61c8ac436a870013cbc0373579.lb-nocb.veripb.wat
02ffa741b87530c365a78bbd51d2d317,0,solved,9.72743,83016,kale-817.local.cs.helsinki.fi,6,/wrk-kappa/users/chrisjab/gbd-experiments/mo-proofs-reruns/results/02ffa741b87530c365a78bbd51d2d317.lb-nocb.veripb.out,/wrk-kappa/users/chrisjab/gbd-experiments/mo-proofs-reruns/results/02ffa741b87530c365a78bbd51d2d317.lb-nocb.veripb.var,/wrk-kappa/users/chrisjab/gbd-experiments/mo-proofs-reruns/results/02ffa741b87530c365a78bbd51d2d317.lb-nocb.veripb.wat
031398e89f8c691036f2483ee8d0741e,0,solved,376.394,2980044,kale-817.local.cs.helsinki.fi,7,/wrk-kappa/users/chrisjab/gbd-experiments/mo-proofs-reruns/results/031398e89f8c691036f2483ee8d0741e.lb-nocb.veripb.out,/wrk-kappa/users/chrisjab/gbd-experiments/mo-proofs-reruns/results/031398e89f8c691036f2483ee8d0741e.lb-nocb.veripb.var,/wrk-kappa/users/chrisjab/gbd-experiments/mo-proofs-reruns/results/031398e89f8c691036f2483ee8d0741e.lb-nocb.veripb.wat
075752eba5c0f4ec5abacca1cf7877a6,0,solved,342.978,424460,kale-810.local.cs.helsinki.fi,13,/wrk-kappa/users/chrisjab/gbd-experiments/mo-proofs-reruns/results/075752eba5c0f4ec5abacca1cf7877a6.lb-nocb.veripb.out,/wrk-kappa/users/chrisjab/gbd-experiments/mo-proofs-reruns/results/075752eba5c0f4ec5abacca1cf7877a6.lb-nocb.veripb.var,/wrk-kappa/users/chrisjab/gbd-experiments/mo-proofs-reruns/results/075752eba5c0f4ec5abacca1cf7877a6.lb-nocb.veripb.wat
07bf0e9791e8c94100b3f44ea0c00f44,0,solved,1106.49,1198652,kale-814.local.cs.helsinki.fi,16,/wrk-kappa/users/chrisjab/gbd-experiments/mo-proofs-reruns/results/07bf0e9791e8c94100b3f44ea0c00f44.lb-nocb.veripb.out,/wrk-kappa/users/chrisjab/gbd-experiments/mo-proofs-reruns/results/07bf0e9791e8c94100b3f44ea0c00f44.lb-nocb.veripb.var,/wrk-kappa/users/chrisjab/gbd-experiments/mo-proofs-reruns/results/07bf0e9791e8c94100b3f44ea0c00f44.lb-nocb.veripb.wat
0bc6c5e6674f0cd4aa4c3bf1cf2ebc70,0,solved,1392.82,1093212,kale-809.local.cs.helsinki.fi,23,/wrk-kappa/users/chrisjab/gbd-experiments/mo-proofs-reruns/results/0bc6c5e6674f0cd4aa4c3bf1cf2ebc70.lb-nocb.veripb.out,/wrk-kappa/users/chrisjab/gbd-experiments/mo-proofs-reruns/results/0bc6c5e6674f0cd4aa4c3bf1cf2ebc70.lb-nocb.veripb.var,/wrk-kappa/users/chrisjab/gbd-experiments/mo-proofs-reruns/results/0bc6c5e6674f0cd4aa4c3bf1cf2ebc70.lb-nocb.veripb.wat
0ec932de353de4de3bc67c4caec08bb9,0,solved,4051.81,1167716,kale-817.local.cs.helsinki.fi,25,/wrk-kappa/users/chrisjab/gbd-experiments/mo-proofs-reruns/results/0ec932de353de4de3bc67c4caec08bb9.lb-nocb.veripb.out,/wrk-kappa/users/chrisjab/gbd-experiments/mo-proofs-reruns/results/0ec932de353de4de3bc67c4caec08bb9.lb-nocb.veripb.var,/wrk-kappa/users/chrisjab/gbd-experiments/mo-proofs-reruns/results/0ec932de353de4de3bc67c4caec08bb9.lb-nocb.veripb.wat
1194882463ab07878f54451af45aebb0,0,solved,0.255831,51156,kale-810.local.cs.helsinki.fi,29,/wrk-kappa/users/chrisjab/gbd-experiments/mo-proofs-reruns/results/1194882463ab07878f54451af45aebb0.lb-nocb.veripb.out,/wrk-kappa/users/chrisjab/gbd-experiments/mo-proofs-reruns/results/1194882463ab07878f54451af45aebb0.lb-nocb.veripb.var,/wrk-kappa/users/chrisjab/gbd-experiments/mo-proofs-reruns/results/1194882463ab07878f54451af45aebb0.lb-nocb.veripb.wat
13d31acb79375c7fddc4c7dcfb2dacf9,0,solved,3026.34,4983824,kale-810.local.cs.helsinki.fi,32,/wrk-kappa/users/chrisjab/gbd-experiments/mo-proofs-reruns/results/13d31acb79375c7fddc4c7dcfb2dacf9.lb-nocb.veripb.out,/wrk-kappa/users/chrisjab/gbd-experiments/mo-proofs-reruns/results/13d31acb79375c7fddc4c7dcfb2dacf9.lb-nocb.veripb.var,/wrk-kappa/users/chrisjab/gbd-experiments/mo-proofs-reruns/results/13d31acb79375c7fddc4c7dcfb2dacf9.lb-nocb.veripb.wat
14ebdfdede4d00ddb39afd0ec2e96272,0,solved,1291.25,4834940,kale-804.local.cs.helsinki.fi,34,/wrk-kappa/users/chrisjab/gbd-experiments/mo-proofs-reruns/results/14ebdfdede4d00ddb39afd0ec2e96272.lb-nocb.veripb.out,/wrk-kappa/users/chrisjab/gbd-experiments/mo-proofs-reruns/results/14ebdfdede4d00ddb39afd0ec2e96272.lb-nocb.veripb.var,/wrk-kappa/users/chrisjab/gbd-experiments/mo-proofs-reruns/results/14ebdfdede4d00ddb39afd0ec2e96272.lb-nocb.veripb.wat
15a1564a23052f58fe69c22d70ea7bbb,0,solved,0.19425,50612,kale-816.local.cs.helsinki.fi,37,/wrk-kappa/users/chrisjab/gbd-experiments/mo-proofs-reruns/results/15a1564a23052f58fe69c22d70ea7bbb.lb-nocb.veripb.out,/wrk-kappa/users/chrisjab/gbd-experiments/mo-proofs-reruns/results/15a1564a23052f58fe69c22d70ea7bbb.lb-nocb.veripb.var,/wrk-kappa/users/chrisjab/gbd-experiments/mo-proofs-reruns/results/15a1564a23052f58fe69c22d70ea7bbb.lb-nocb.veripb.wat
1a06f0b7ebad371fb7912f623052846a,0,solved,0.359395,51564,kale-816.local.cs.helsinki.fi,39,/wrk-kappa/users/chrisjab/gbd-experiments/mo-proofs-reruns/results/1a06f0b7ebad371fb7912f623052846a.lb-nocb.veripb.out,/wrk-kappa/users/chrisjab/gbd-experiments/mo-proofs-reruns/results/1a06f0b7ebad371fb7912f623052846a.lb-nocb.veripb.var,/wrk-kappa/users/chrisjab/gbd-experiments/mo-proofs-reruns/results/1a06f0b7ebad371fb7912f623052846a.lb-nocb.veripb.wat
1a4e608b8d8a1f0420d16d02d70b05a0,0,solved,11516.3,27609488,kale-805.local.cs.helsinki.fi,40,/wrk-kappa/users/chrisjab/gbd-experiments/mo-proofs-reruns/results/1a4e608b8d8a1f0420d16d02d70b05a0.lb-nocb.veripb.out,/wrk-kappa/users/chrisjab/gbd-experiments/mo-proofs-reruns/results/1a4e608b8d8a1f0420d16d02d70b05a0.lb-nocb.veripb.var,/wrk-kappa/users/chrisjab/gbd-experiments/mo-proofs-reruns/results/1a4e608b8d8a1f0420d16d02d70b05a0.lb-nocb.veripb.wat
1ac6f6094567599c439191c482f9cc53,signal 15 (SIGTERM),timeout,36000.2,9836396,kale-816.local.cs.helsinki.fi,41,/wrk-kappa/users/chrisjab/gbd-experiments/mo-proofs-reruns/results/1ac6f6094567599c439191c482f9cc53.lb-nocb.veripb.out,/wrk-kappa/users/chrisjab/gbd-experiments/mo-proofs-reruns/results/1ac6f6094567599c439191c482f9cc53.lb-nocb.veripb.var,/wrk-kappa/users/chrisjab/gbd-experiments/mo-proofs-reruns/results/1ac6f6094567599c439191c482f9cc53.lb-nocb.veripb.wat
1e04f43b625e01ddaa9fe813d5b6f10f,0,solved,0.520946,55020,kale-812.local.cs.helsinki.fi,45,/wrk-kappa/users/chrisjab/gbd-experiments/mo-proofs-reruns/results/1e04f43b625e01ddaa9fe813d5b6f10f.lb-nocb.veripb.out,/wrk-kappa/users/chrisjab/gbd-experiments/mo-proofs-reruns/results/1e04f43b625e01ddaa9fe813d5b6f10f.lb-nocb.veripb.var,/wrk-kappa/users/chrisjab/gbd-experiments/mo-proofs-reruns/results/1e04f43b625e01ddaa9fe813d5b6f10f.lb-nocb.veripb.wat
1f5afe9be95089df7bf99eef7ace7ac6,0,solved,6.95568,74292,kale-811.local.cs.helsinki.fi,48,/wrk-kappa/users/chrisjab/gbd-experiments/mo-proofs-reruns/results/1f5afe9be95089df7bf99eef7ace7ac6.lb-nocb.veripb.out,/wrk-kappa/users/chrisjab/gbd-experiments/mo-proofs-reruns/results/1f5afe9be95089df7bf99eef7ace7ac6.lb-nocb.veripb.var,/wrk-kappa/users/chrisjab/gbd-experiments/mo-proofs-reruns/results/1f5afe9be95089df7bf99eef7ace7ac6.lb-nocb.veripb.wat
20c17f3f8d8298cefb98e79cdd4d9a29,0,solved,4.13657,64244,kale-811.local.cs.helsinki.fi,50,/wrk-kappa/users/chrisjab/gbd-experiments/mo-proofs-reruns/results/20c17f3f8d8298cefb98e79cdd4d9a29.lb-nocb.veripb.out,/wrk-kappa/users/chrisjab/gbd-experiments/mo-proofs-reruns/results/20c17f3f8d8298cefb98e79cdd4d9a29.lb-nocb.veripb.var,/wrk-kappa/users/chrisjab/gbd-experiments/mo-proofs-reruns/results/20c17f3f8d8298cefb98e79cdd4d9a29.lb-nocb.veripb.wat
24234fdf05503b95e9e10f24fc73f0ae,0,solved,35933.4,9236900,kale-811.local.cs.helsinki.fi,55,/wrk-kappa/users/chrisjab/gbd-experiments/mo-proofs-reruns/results/24234fdf05503b95e9e10f24fc73f0ae.lb-nocb.veripb.out,/wrk-kappa/users/chrisjab/gbd-experiments/mo-proofs-reruns/results/24234fdf05503b95e9e10f24fc73f0ae.lb-nocb.veripb.var,/wrk-kappa/users/chrisjab/gbd-experiments/mo-proofs-reruns/results/24234fdf05503b95e9e10f24fc73f0ae.lb-nocb.veripb.wat
27f27886984b4ddc53c1fa3ada3481db,signal 15 (SIGTERM),memout,5953.77,33579672,kale-812.local.cs.helsinki.fi,57,/wrk-kappa/users/chrisjab/gbd-experiments/mo-proofs-reruns/results/27f27886984b4ddc53c1fa3ada3481db.lb-nocb.veripb.out,/wrk-kappa/users/chrisjab/gbd-experiments/mo-proofs-reruns/results/27f27886984b4ddc53c1fa3ada3481db.lb-nocb.veripb.var,/wrk-kappa/users/chrisjab/gbd-experiments/mo-proofs-reruns/results/27f27886984b4ddc53c1fa3ada3481db.lb-nocb.veripb.wat
319e8a16af47df2e7afe67b58ab7546d,0,solved,1.05131,56488,kale-802.local.cs.helsinki.fi,66,/wrk-kappa/users/chrisjab/gbd-experiments/mo-proofs-reruns/results/319e8a16af47df2e7afe67b58ab7546d.lb-nocb.veripb.out,/wrk-kappa/users/chrisjab/gbd-experiments/mo-proofs-reruns/results/319e8a16af47df2e7afe67b58ab7546d.lb-nocb.veripb.var,/wrk-kappa/users/chrisjab/gbd-experiments/mo-proofs-reruns/results/319e8a16af47df2e7afe67b58ab7546d.lb-nocb.veripb.wat
31e4ff66d1ebe5140fecb150d6ae30c4,0,solved,1016.92,1991356,kale-802.local.cs.helsinki.fi,69,/wrk-kappa/users/chrisjab/gbd-experiments/mo-proofs-reruns/results/31e4ff66d1ebe5140fecb150d6ae30c4.lb-nocb.veripb.out,/wrk-kappa/users/chrisjab/gbd-experiments/mo-proofs-reruns/results/31e4ff66d1ebe5140fecb150d6ae30c4.lb-nocb.veripb.var,/wrk-kappa/users/chrisjab/gbd-experiments/mo-proofs-reruns/results/31e4ff66d1ebe5140fecb150d6ae30c4.lb-nocb.veripb.wat
32fe4527cc9d2c943f03b2ae19ba0611,0,solved,883.433,3674476,kale-804.local.cs.helsinki.fi,71,/wrk-kappa/users/chrisjab/gbd-experiments/mo-proofs-reruns/results/32fe4527cc9d2c943f03b2ae19ba0611.lb-nocb.veripb.out,/wrk-kappa/users/chrisjab/gbd-experiments/mo-proofs-reruns/results/32fe4527cc9d2c943f03b2ae19ba0611.lb-nocb.veripb.var,/wrk-kappa/users/chrisjab/gbd-experiments/mo-proofs-reruns/results/32fe4527cc9d2c943f03b2ae19ba0611.lb-nocb.veripb.wat
3318c7296eb4e2daf1600b4a995439ee,0,solved,1275.06,2024084,kale-814.local.cs.helsinki.fi,72,/wrk-kappa/users/chrisjab/gbd-experiments/mo-proofs-reruns/results/3318c7296eb4e2daf1600b4a995439ee.lb-nocb.veripb.out,/wrk-kappa/users/chrisjab/gbd-experiments/mo-proofs-reruns/results/3318c7296eb4e2daf1600b4a995439ee.lb-nocb.veripb.var,/wrk-kappa/users/chrisjab/gbd-experiments/mo-proofs-reruns/results/3318c7296eb4e2daf1600b4a995439ee.lb-nocb.veripb.wat
33f201196e385a5d35742218beb883fa,0,solved,1.02502,57240,kale-813.local.cs.helsinki.fi,74,/wrk-kappa/users/chrisjab/gbd-experiments/mo-proofs-reruns/results/33f201196e385a5d35742218beb883fa.lb-nocb.veripb.out,/wrk-kappa/users/chrisjab/gbd-experiments/mo-proofs-reruns/results/33f201196e385a5d35742218beb883fa.lb-nocb.veripb.var,/wrk-kappa/users/chrisjab/gbd-experiments/mo-proofs-reruns/results/33f201196e385a5d35742218beb883fa.lb-nocb.veripb.wat
3435234134749262bd452fff55ca0570,0,solved,376.489,989496,kale-812.local.cs.helsinki.fi,75,/wrk-kappa/users/chrisjab/gbd-experiments/mo-proofs-reruns/results/3435234134749262bd452fff55ca0570.lb-nocb.veripb.out,/wrk-kappa/users/chrisjab/gbd-experiments/mo-proofs-reruns/results/3435234134749262bd452fff55ca0570.lb-nocb.veripb.var,/wrk-kappa/users/chrisjab/gbd-experiments/mo-proofs-reruns/results/3435234134749262bd452fff55ca0570.lb-nocb.veripb.wat
3773725af3add28ceac9a27e0d24b2c9,0,solved,12134.8,7323672,kale-809.local.cs.helsinki.fi,81,/wrk-kappa/users/chrisjab/gbd-experiments/mo-proofs-reruns/results/3773725af3add28ceac9a27e0d24b2c9.lb-nocb.veripb.out,/wrk-kappa/users/chrisjab/gbd-experiments/mo-proofs-reruns/results/3773725af3add28ceac9a27e0d24b2c9.lb-nocb.veripb.var,/wrk-kappa/users/chrisjab/gbd-experiments/mo-proofs-reruns/results/3773725af3add28ceac9a27e0d24b2c9.lb-nocb.veripb.wat
3a24598408dda4cef696c5358399e8a4,0,solved,206.738,488400,kale-813.local.cs.helsinki.fi,84,/wrk-kappa/users/chrisjab/gbd-experiments/mo-proofs-reruns/results/3a24598408dda4cef696c5358399e8a4.lb-nocb.veripb.out,/wrk-kappa/users/chrisjab/gbd-experiments/mo-proofs-reruns/results/3a24598408dda4cef696c5358399e8a4.lb-nocb.veripb.var,/wrk-kappa/users/chrisjab/gbd-experiments/mo-proofs-reruns/results/3a24598408dda4cef696c5358399e8a4.lb-nocb.veripb.wat
401891b1d8264e88f74cf81d62ea14ce,0,solved,4631.9,3678528,kale-804.local.cs.helsinki.fi,94,/wrk-kappa/users/chrisjab/gbd-experiments/mo-proofs-reruns/results/401891b1d8264e88f74cf81d62ea14ce.lb-nocb.veripb.out,/wrk-kappa/users/chrisjab/gbd-experiments/mo-proofs-reruns/results/401891b1d8264e88f74cf81d62ea14ce.lb-nocb.veripb.var,/wrk-kappa/users/chrisjab/gbd-experiments/mo-proofs-reruns/results/401891b1d8264e88f74cf81d62ea14ce.lb-nocb.veripb.wat
4676f13c9e1e1b325c39ea5aa85471fa,0,solved,4214.05,3134372,kale-812.local.cs.helsinki.fi,97,/wrk-kappa/users/chrisjab/gbd-experiments/mo-proofs-reruns/results/4676f13c9e1e1b325c39ea5aa85471fa.lb-nocb.veripb.out,/wrk-kappa/users/chrisjab/gbd-experiments/mo-proofs-reruns/results/4676f13c9e1e1b325c39ea5aa85471fa.lb-nocb.veripb.var,/wrk-kappa/users/chrisjab/gbd-experiments/mo-proofs-reruns/results/4676f13c9e1e1b325c39ea5aa85471fa.lb-nocb.veripb.wat
4f6237dc32086b905e38df19c02b2497,0,solved,985.303,1385148,kale-804.local.cs.helsinki.fi,103,/wrk-kappa/users/chrisjab/gbd-experiments/mo-proofs-reruns/results/4f6237dc32086b905e38df19c02b2497.lb-nocb.veripb.out,/wrk-kappa/users/chrisjab/gbd-experiments/mo-proofs-reruns/results/4f6237dc32086b905e38df19c02b2497.lb-nocb.veripb.var,/wrk-kappa/users/chrisjab/gbd-experiments/mo-proofs-reruns/results/4f6237dc32086b905e38df19c02b2497.lb-nocb.veripb.wat
554a2c6a5f81f5b3501b7c385ca2eb43,0,solved,17420.9,7304576,kale-813.local.cs.helsinki.fi,109,/wrk-kappa/users/chrisjab/gbd-experiments/mo-proofs-reruns/results/554a2c6a5f81f5b3501b7c385ca2eb43.lb-nocb.veripb.out,/wrk-kappa/users/chrisjab/gbd-experiments/mo-proofs-reruns/results/554a2c6a5f81f5b3501b7c385ca2eb43.lb-nocb.veripb.var,/wrk-kappa/users/chrisjab/gbd-experiments/mo-proofs-reruns/results/554a2c6a5f81f5b3501b7c385ca2eb43.lb-nocb.veripb.wat
56420940142bb6f7f7569aea6114f96c,0,solved,7.45678,79100,kale-802.local.cs.helsinki.fi,113,/wrk-kappa/users/chrisjab/gbd-experiments/mo-proofs-reruns/results/56420940142bb6f7f7569aea6114f96c.lb-nocb.veripb.out,/wrk-kappa/users/chrisjab/gbd-experiments/mo-proofs-reruns/results/56420940142bb6f7f7569aea6114f96c.lb-nocb.veripb.var,/wrk-kappa/users/chrisjab/gbd-experiments/mo-proofs-reruns/results/56420940142bb6f7f7569aea6114f96c.lb-nocb.veripb.wat
579a16a81adc704de38e7a8e5f265d24,0,solved,6448.74,4297256,kale-802.local.cs.helsinki.fi,116,/wrk-kappa/users/chrisjab/gbd-experiments/mo-proofs-reruns/results/579a16a81adc704de38e7a8e5f265d24.lb-nocb.veripb.out,/wrk-kappa/users/chrisjab/gbd-experiments/mo-proofs-reruns/results/579a16a81adc704de38e7a8e5f265d24.lb-nocb.veripb.var,/wrk-kappa/users/chrisjab/gbd-experiments/mo-proofs-reruns/results/579a16a81adc704de38e7a8e5f265d24.lb-nocb.veripb.wat
61755b78779543d662b98e52fb365aad,0,solved,942.547,1365632,kale-802.local.cs.helsinki.fi,134,/wrk-kappa/users/chrisjab/gbd-experiments/mo-proofs-reruns/results/61755b78779543d662b98e52fb365aad.lb-nocb.veripb.out,/wrk-kappa/users/chrisjab/gbd-experiments/mo-proofs-reruns/results/61755b78779543d662b98e52fb365aad.lb-nocb.veripb.var,/wrk-kappa/users/chrisjab/gbd-experiments/mo-proofs-reruns/results/61755b78779543d662b98e52fb365aad.lb-nocb.veripb.wat
651a2c3f5586e3bd58287bd516c68762,0,solved,10471.5,5445916,kale-802.local.cs.helsinki.fi,138,/wrk-kappa/users/chrisjab/gbd-experiments/mo-proofs-reruns/results/651a2c3f5586e3bd58287bd516c68762.lb-nocb.veripb.out,/wrk-kappa/users/chrisjab/gbd-experiments/mo-proofs-reruns/results/651a2c3f5586e3bd58287bd516c68762.lb-nocb.veripb.var,/wrk-kappa/users/chrisjab/gbd-experiments/mo-proofs-reruns/results/651a2c3f5586e3bd58287bd516c68762.lb-nocb.veripb.wat
65ee49aca2f915006d1ee312da07bb4e,0,solved,0.479114,53888,kale-814.local.cs.helsinki.fi,139,/wrk-kappa/users/chrisjab/gbd-experiments/mo-proofs-reruns/results/65ee49aca2f915006d1ee312da07bb4e.lb-nocb.veripb.out,/wrk-kappa/users/chrisjab/gbd-experiments/mo-proofs-reruns/results/65ee49aca2f915006d1ee312da07bb4e.lb-nocb.veripb.var,/wrk-kappa/users/chrisjab/gbd-experiments/mo-proofs-reruns/results/65ee49aca2f915006d1ee312da07bb4e.lb-nocb.veripb.wat
6cd6fadd2059109232e5261dcadbc5b4,0,solved,1539.32,2095604,kale-814.local.cs.helsinki.fi,146,/wrk-kappa/users/chrisjab/gbd-experiments/mo-proofs-reruns/results/6cd6fadd2059109232e5261dcadbc5b4.lb-nocb.veripb.out,/wrk-kappa/users/chrisjab/gbd-experiments/mo-proofs-reruns/results/6cd6fadd2059109232e5261dcadbc5b4.lb-nocb.veripb.var,/wrk-kappa/users/chrisjab/gbd-experiments/mo-proofs-reruns/results/6cd6fadd2059109232e5261dcadbc5b4.lb-nocb.veripb.wat
6e306917c770ef1e82acf83e832bd7b6,0,solved,345.435,1332784,kale-805.local.cs.helsinki.fi,150,/wrk-kappa/users/chrisjab/gbd-experiments/mo-proofs-reruns/results/6e306917c770ef1e82acf83e832bd7b6.lb-nocb.veripb.out,/wrk-kappa/users/chrisjab/gbd-experiments/mo-proofs-reruns/results/6e306917c770ef1e82acf83e832bd7b6.lb-nocb.veripb.var,/wrk-kappa/users/chrisjab/gbd-experiments/mo-proofs-reruns/results/6e306917c770ef1e82acf83e832bd7b6.lb-nocb.veripb.wat
6efb59ae041b32f1458749085dfc366b,0,solved,0.349454,51884,kale-806.local.cs.helsinki.fi,151,/wrk-kappa/users/chrisjab/gbd-experiments/mo-proofs-reruns/results/6efb59ae041b32f1458749085dfc366b.lb-nocb.veripb.out,/wrk-kappa/users/chrisjab/gbd-experiments/mo-proofs-reruns/results/6efb59ae041b32f1458749085dfc366b.lb-nocb.veripb.var,/wrk-kappa/users/chrisjab/gbd-experiments/mo-proofs-reruns/results/6efb59ae041b32f1458749085dfc366b.lb-nocb.veripb.wat
793454eded174e060d4dbe0559ae2591,0,solved,2331.05,2873248,kale-806.local.cs.helsinki.fi,167,/wrk-kappa/users/chrisjab/gbd-experiments/mo-proofs-reruns/results/793454eded174e060d4dbe0559ae2591.lb-nocb.veripb.out,/wrk-kappa/users/chrisjab/gbd-experiments/mo-proofs-reruns/results/793454eded174e060d4dbe0559ae2591.lb-nocb.veripb.var,/wrk-kappa/users/chrisjab/gbd-experiments/mo-proofs-reruns/results/793454eded174e060d4dbe0559ae2591.lb-nocb.veripb.wat
827f6828784e779af21f189c6ecf386a,0,solved,1534.97,1643904,kale-808.local.cs.helsinki.fi,176,/wrk-kappa/users/chrisjab/gbd-experiments/mo-proofs-reruns/results/827f6828784e779af21f189c6ecf386a.lb-nocb.veripb.out,/wrk-kappa/users/chrisjab/gbd-experiments/mo-proofs-reruns/results/827f6828784e779af21f189c6ecf386a.lb-nocb.veripb.var,/wrk-kappa/users/chrisjab/gbd-experiments/mo-proofs-reruns/results/827f6828784e779af21f189c6ecf386a.lb-nocb.veripb.wat
89c785eb754c475bb94da5183ef7f573,0,solved,3.28308,55940,kale-804.local.cs.helsinki.fi,185,/wrk-kappa/users/chrisjab/gbd-experiments/mo-proofs-reruns/results/89c785eb754c475bb94da5183ef7f573.lb-nocb.veripb.out,/wrk-kappa/users/chrisjab/gbd-experiments/mo-proofs-reruns/results/89c785eb754c475bb94da5183ef7f573.lb-nocb.veripb.var,/wrk-kappa/users/chrisjab/gbd-experiments/mo-proofs-reruns/results/89c785eb754c475bb94da5183ef7f573.lb-nocb.veripb.wat
8b4d9404821c66ed9740c451bbcb5718,0,solved,7679.23,4660472,kale-805.local.cs.helsinki.fi,190,/wrk-kappa/users/chrisjab/gbd-experiments/mo-proofs-reruns/results/8b4d9404821c66ed9740c451bbcb5718.lb-nocb.veripb.out,/wrk-kappa/users/chrisjab/gbd-experiments/mo-proofs-reruns/results/8b4d9404821c66ed9740c451bbcb5718.lb-nocb.veripb.var,/wrk-kappa/users/chrisjab/gbd-experiments/mo-proofs-reruns/results/8b4d9404821c66ed9740c451bbcb5718.lb-nocb.veripb.wat
8e0f79a672addebe28c266db09cdf75a,0,solved,11848.6,6513436,kale-804.local.cs.helsinki.fi,192,/wrk-kappa/users/chrisjab/gbd-experiments/mo-proofs-reruns/results/8e0f79a672addebe28c266db09cdf75a.lb-nocb.veripb.out,/wrk-kappa/users/chrisjab/gbd-experiments/mo-proofs-reruns/results/8e0f79a672addebe28c266db09cdf75a.lb-nocb.veripb.var,/wrk-kappa/users/chrisjab/gbd-experiments/mo-proofs-reruns/results/8e0f79a672addebe28c266db09cdf75a.lb-nocb.veripb.wat
8f0e2886b7abf537a04fa1999caad5d0,0,solved,879.923,1583996,kale-810.local.cs.helsinki.fi,194,/wrk-kappa/users/chrisjab/gbd-experiments/mo-proofs-reruns/results/8f0e2886b7abf537a04fa1999caad5d0.lb-nocb.veripb.out,/wrk-kappa/users/chrisjab/gbd-experiments/mo-proofs-reruns/results/8f0e2886b7abf537a04fa1999caad5d0.lb-nocb.veripb.var,/wrk-kappa/users/chrisjab/gbd-experiments/mo-proofs-reruns/results/8f0e2886b7abf537a04fa1999caad5d0.lb-nocb.veripb.wat
8f52f6c59ad97b855445cb00b75166db,0,solved,0.146502,49880,kale-802.local.cs.helsinki.fi,195,/wrk-kappa/users/chrisjab/gbd-experiments/mo-proofs-reruns/results/8f52f6c59ad97b855445cb00b75166db.lb-nocb.veripb.out,/wrk-kappa/users/chrisjab/gbd-experiments/mo-proofs-reruns/results/8f52f6c59ad97b855445cb00b75166db.lb-nocb.veripb.var,/wrk-kappa/users/chrisjab/gbd-experiments/mo-proofs-reruns/results/8f52f6c59ad97b855445cb00b75166db.lb-nocb.veripb.wat
8f600311e42396f138c28288a38e0116,0,solved,1675.91,2031364,kale-802.local.cs.helsinki.fi,196,/wrk-kappa/users/chrisjab/gbd-experiments/mo-proofs-reruns/results/8f600311e42396f138c28288a38e0116.lb-nocb.veripb.out,/wrk-kappa/users/chrisjab/gbd-experiments/mo-proofs-reruns/results/8f600311e42396f138c28288a38e0116.lb-nocb.veripb.var,/wrk-kappa/users/chrisjab/gbd-experiments/mo-proofs-reruns/results/8f600311e42396f138c28288a38e0116.lb-nocb.veripb.wat
8f9892dedefe1b8aabc92f1bb82aded1,0,solved,4681.27,3468988,kale-810.local.cs.helsinki.fi,197,/wrk-kappa/users/chrisjab/gbd-experiments/mo-proofs-reruns/results/8f9892dedefe1b8aabc92f1bb82aded1.lb-nocb.veripb.out,/wrk-kappa/users/chrisjab/gbd-experiments/mo-proofs-reruns/results/8f9892dedefe1b8aabc92f1bb82aded1.lb-nocb.veripb.var,/wrk-kappa/users/chrisjab/gbd-experiments/mo-proofs-reruns/results/8f9892dedefe1b8aabc92f1bb82aded1.lb-nocb.veripb.wat
903537c473b78d62b09897409ae46254,0,solved,1.54249,56512,kale-808.local.cs.helsinki.fi,200,/wrk-kappa/users/chrisjab/gbd-experiments/mo-proofs-reruns/results/903537c473b78d62b09897409ae46254.lb-nocb.veripb.out,/wrk-kappa/users/chrisjab/gbd-experiments/mo-proofs-reruns/results/903537c473b78d62b09897409ae46254.lb-nocb.veripb.var,/wrk-kappa/users/chrisjab/gbd-experiments/mo-proofs-reruns/results/903537c473b78d62b09897409ae46254.lb-nocb.veripb.wat
90a40092dcce02c580e0ca61bef28ff9,0,solved,878.55,1938676,kale-808.local.cs.helsinki.fi,201,/wrk-kappa/users/chrisjab/gbd-experiments/mo-proofs-reruns/results/90a40092dcce02c580e0ca61bef28ff9.lb-nocb.veripb.out,/wrk-kappa/users/chrisjab/gbd-experiments/mo-proofs-reruns/results/90a40092dcce02c580e0ca61bef28ff9.lb-nocb.veripb.var,/wrk-kappa/users/chrisjab/gbd-experiments/mo-proofs-reruns/results/90a40092dcce02c580e0ca61bef28ff9.lb-nocb.veripb.wat
931261295bfa65758bc6441bf0246ab2,0,solved,11.315,85736,kale-814.local.cs.helsinki.fi,205,/wrk-kappa/users/chrisjab/gbd-experiments/mo-proofs-reruns/results/931261295bfa65758bc6441bf0246ab2.lb-nocb.veripb.out,/wrk-kappa/users/chrisjab/gbd-experiments/mo-proofs-reruns/results/931261295bfa65758bc6441bf0246ab2.lb-nocb.veripb.var,/wrk-kappa/users/chrisjab/gbd-experiments/mo-proofs-reruns/results/931261295bfa65758bc6441bf0246ab2.lb-nocb.veripb.wat
97c32aeae9382ac4b232761f5ab5c94f,0,solved,926.179,1444820,kale-814.local.cs.helsinki.fi,211,/wrk-kappa/users/chrisjab/gbd-experiments/mo-proofs-reruns/results/97c32aeae9382ac4b232761f5ab5c94f.lb-nocb.veripb.out,/wrk-kappa/users/chrisjab/gbd-experiments/mo-proofs-reruns/results/97c32aeae9382ac4b232761f5ab5c94f.lb-nocb.veripb.var,/wrk-kappa/users/chrisjab/gbd-experiments/mo-proofs-reruns/results/97c32aeae9382ac4b232761f5ab5c94f.lb-nocb.veripb.wat
a83c6a93bea27d60d464843c14edc9cf,0,solved,4360.12,3196540,kale-814.local.cs.helsinki.fi,232,/wrk-kappa/users/chrisjab/gbd-experiments/mo-proofs-reruns/results/a83c6a93bea27d60d464843c14edc9cf.lb-nocb.veripb.out,/wrk-kappa/users/chrisjab/gbd-experiments/mo-proofs-reruns/results/a83c6a93bea27d60d464843c14edc9cf.lb-nocb.veripb.var,/wrk-kappa/users/chrisjab/gbd-experiments/mo-proofs-reruns/results/a83c6a93bea27d60d464843c14edc9cf.lb-nocb.veripb.wat
b2bdb714388e52e8534b5ce5068e276e,0,solved,1231.37,595088,kale-810.local.cs.helsinki.fi,244,/wrk-kappa/users/chrisjab/gbd-experiments/mo-proofs-reruns/results/b2bdb714388e52e8534b5ce5068e276e.lb-nocb.veripb.out,/wrk-kappa/users/chrisjab/gbd-experiments/mo-proofs-reruns/results/b2bdb714388e52e8534b5ce5068e276e.lb-nocb.veripb.var,/wrk-kappa/users/chrisjab/gbd-experiments/mo-proofs-reruns/results/b2bdb714388e52e8534b5ce5068e276e.lb-nocb.veripb.wat
ba640c8bcc64b7ccec60abe0e69ef2da,0,solved,1023.23,1714688,kale-817.local.cs.helsinki.fi,253,/wrk-kappa/users/chrisjab/gbd-experiments/mo-proofs-reruns/results/ba640c8bcc64b7ccec60abe0e69ef2da.lb-nocb.veripb.out,/wrk-kappa/users/chrisjab/gbd-experiments/mo-proofs-reruns/results/ba640c8bcc64b7ccec60abe0e69ef2da.lb-nocb.veripb.var,/wrk-kappa/users/chrisjab/gbd-experiments/mo-proofs-reruns/results/ba640c8bcc64b7ccec60abe0e69ef2da.lb-nocb.veripb.wat
c29c61acb4abeb24461b1ba897101514,0,solved,6991.32,3375720,kale-808.local.cs.helsinki.fi,259,/wrk-kappa/users/chrisjab/gbd-experiments/mo-proofs-reruns/results/c29c61acb4abeb24461b1ba897101514.lb-nocb.veripb.out,/wrk-kappa/users/chrisjab/gbd-experiments/mo-proofs-reruns/results/c29c61acb4abeb24461b1ba897101514.lb-nocb.veripb.var,/wrk-kappa/users/chrisjab/gbd-experiments/mo-proofs-reruns/results/c29c61acb4abeb24461b1ba897101514.lb-nocb.veripb.wat
cc4458dccc0bf33ca10eab9e08994295,0,solved,3407.76,3116236,kale-803.local.cs.helsinki.fi,276,/wrk-kappa/users/chrisjab/gbd-experiments/mo-proofs-reruns/results/cc4458dccc0bf33ca10eab9e08994295.lb-nocb.veripb.out,/wrk-kappa/users/chrisjab/gbd-experiments/mo-proofs-reruns/results/cc4458dccc0bf33ca10eab9e08994295.lb-nocb.veripb.var,/wrk-kappa/users/chrisjab/gbd-experiments/mo-proofs-reruns/results/cc4458dccc0bf33ca10eab9e08994295.lb-nocb.veripb.wat
d10b447b605aa87ee4df8202a37bafe4,0,solved,24639.3,8279224,kale-808.local.cs.helsinki.fi,281,/wrk-kappa/users/chrisjab/gbd-experiments/mo-proofs-reruns/results/d10b447b605aa87ee4df8202a37bafe4.lb-nocb.veripb.out,/wrk-kappa/users/chrisjab/gbd-experiments/mo-proofs-reruns/results/d10b447b605aa87ee4df8202a37bafe4.lb-nocb.veripb.var,/wrk-kappa/users/chrisjab/gbd-experiments/mo-proofs-reruns/results/d10b447b605aa87ee4df8202a37bafe4.lb-nocb.veripb.wat
d1a3720661bcd2ac09a173fbb65a9d5d,0,solved,2651.6,3289936,kale-810.local.cs.helsinki.fi,283,/wrk-kappa/users/chrisjab/gbd-experiments/mo-proofs-reruns/results/d1a3720661bcd2ac09a173fbb65a9d5d.lb-nocb.veripb.out,/wrk-kappa/users/chrisjab/gbd-experiments/mo-proofs-reruns/results/d1a3720661bcd2ac09a173fbb65a9d5d.lb-nocb.veripb.var,/wrk-kappa/users/chrisjab/gbd-experiments/mo-proofs-reruns/results/d1a3720661bcd2ac09a173fbb65a9d5d.lb-nocb.veripb.wat
d62f54e49fcbb28e69412b137d678cb2,0,solved,1558.96,1977484,kale-802.local.cs.helsinki.fi,291,/wrk-kappa/users/chrisjab/gbd-experiments/mo-proofs-reruns/results/d62f54e49fcbb28e69412b137d678cb2.lb-nocb.veripb.out,/wrk-kappa/users/chrisjab/gbd-experiments/mo-proofs-reruns/results/d62f54e49fcbb28e69412b137d678cb2.lb-nocb.veripb.var,/wrk-kappa/users/chrisjab/gbd-experiments/mo-proofs-reruns/results/d62f54e49fcbb28e69412b137d678cb2.lb-nocb.veripb.wat
d783d85d0872b899de3fa7e601256a14,0,solved,810.671,1115444,kale-814.local.cs.helsinki.fi,293,/wrk-kappa/users/chrisjab/gbd-experiments/mo-proofs-reruns/results/d783d85d0872b899de3fa7e601256a14.lb-nocb.veripb.out,/wrk-kappa/users/chrisjab/gbd-experiments/mo-proofs-reruns/results/d783d85d0872b899de3fa7e601256a14.lb-nocb.veripb.var,/wrk-kappa/users/chrisjab/gbd-experiments/mo-proofs-reruns/results/d783d85d0872b899de3fa7e601256a14.lb-nocb.veripb.wat
d94f458dc4ca01ce3045953798fe8905,0,solved,2451.77,1590684,kale-806.local.cs.helsinki.fi,295,/wrk-kappa/users/chrisjab/gbd-experiments/mo-proofs-reruns/results/d94f458dc4ca01ce3045953798fe8905.lb-nocb.veripb.out,/wrk-kappa/users/chrisjab/gbd-experiments/mo-proofs-reruns/results/d94f458dc4ca01ce3045953798fe8905.lb-nocb.veripb.var,/wrk-kappa/users/chrisjab/gbd-experiments/mo-proofs-reruns/results/d94f458dc4ca01ce3045953798fe8905.lb-nocb.veripb.wat
daefb90c84e11995cfab417041e6ce7a,0,solved,1087.49,1923996,kale-817.local.cs.helsinki.fi,298,/wrk-kappa/users/chrisjab/gbd-experiments/mo-proofs-reruns/results/daefb90c84e11995cfab417041e6ce7a.lb-nocb.veripb.out,/wrk-kappa/users/chrisjab/gbd-experiments/mo-proofs-reruns/results/daefb90c84e11995cfab417041e6ce7a.lb-nocb.veripb.var,/wrk-kappa/users/chrisjab/gbd-experiments/mo-proofs-reruns/results/daefb90c84e11995cfab417041e6ce7a.lb-nocb.veripb.wat
df19dfe8dc2732f338a530078afad1ac,signal 15 (SIGTERM),memout,6151.1,33554904,kale-810.local.cs.helsinki.fi,302,/wrk-kappa/users/chrisjab/gbd-experiments/mo-proofs-reruns/results/df19dfe8dc2732f338a530078afad1ac.lb-nocb.veripb.out,/wrk-kappa/users/chrisjab/gbd-experiments/mo-proofs-reruns/results/df19dfe8dc2732f338a530078afad1ac.lb-nocb.veripb.var,/wrk-kappa/users/chrisjab/gbd-experiments/mo-proofs-reruns/results/df19dfe8dc2732f338a530078afad1ac.lb-nocb.veripb.wat
e1a793be7ebc905d3dd72eb89452c9a0,0,solved,7065.8,4150312,kale-814.local.cs.helsinki.fi,305,/wrk-kappa/users/chrisjab/gbd-experiments/mo-proofs-reruns/results/e1a793be7ebc905d3dd72eb89452c9a0.lb-nocb.veripb.out,/wrk-kappa/users/chrisjab/gbd-experiments/mo-proofs-reruns/results/e1a793be7ebc905d3dd72eb89452c9a0.lb-nocb.veripb.var,/wrk-kappa/users/chrisjab/gbd-experiments/mo-proofs-reruns/results/e1a793be7ebc905d3dd72eb89452c9a0.lb-nocb.veripb.wat
e71b8933d543e1117faa9de3c963c3b0,0,solved,41.3012,137340,kale-812.local.cs.helsinki.fi,313,/wrk-kappa/users/chrisjab/gbd-experiments/mo-proofs-reruns/results/e71b8933d543e1117faa9de3c963c3b0.lb-nocb.veripb.out,/wrk-kappa/users/chrisjab/gbd-experiments/mo-proofs-reruns/results/e71b8933d543e1117faa9de3c963c3b0.lb-nocb.veripb.var,/wrk-kappa/users/chrisjab/gbd-experiments/mo-proofs-reruns/results/e71b8933d543e1117faa9de3c963c3b0.lb-nocb.veripb.wat
e742b3c9b7bc59c8157d6d7bb172794e,0,solved,910.356,1393272,kale-817.local.cs.helsinki.fi,314,/wrk-kappa/users/chrisjab/gbd-experiments/mo-proofs-reruns/results/e742b3c9b7bc59c8157d6d7bb172794e.lb-nocb.veripb.out,/wrk-kappa/users/chrisjab/gbd-experiments/mo-proofs-reruns/results/e742b3c9b7bc59c8157d6d7bb172794e.lb-nocb.veripb.var,/wrk-kappa/users/chrisjab/gbd-experiments/mo-proofs-reruns/results/e742b3c9b7bc59c8157d6d7bb172794e.lb-nocb.veripb.wat
eaf667adc64c04edafd12f56b6dc81e3,0,solved,2272.62,2501900,kale-812.local.cs.helsinki.fi,320,/wrk-kappa/users/chrisjab/gbd-experiments/mo-proofs-reruns/results/eaf667adc64c04edafd12f56b6dc81e3.lb-nocb.veripb.out,/wrk-kappa/users/chrisjab/gbd-experiments/mo-proofs-reruns/results/eaf667adc64c04edafd12f56b6dc81e3.lb-nocb.veripb.var,/wrk-kappa/users/chrisjab/gbd-experiments/mo-proofs-reruns/results/eaf667adc64c04edafd12f56b6dc81e3.lb-nocb.veripb.wat
f02073f677fb54d539efbe8455e815cc,0,solved,1.52565,58892,kale-804.local.cs.helsinki.fi,324,/wrk-kappa/users/chrisjab/gbd-experiments/mo-proofs-reruns/results/f02073f677fb54d539efbe8455e815cc.lb-nocb.veripb.out,/wrk-kappa/users/chrisjab/gbd-experiments/mo-proofs-reruns/results/f02073f677fb54d539efbe8455e815cc.lb-nocb.veripb.var,/wrk-kappa/users/chrisjab/gbd-experiments/mo-proofs-reruns/results/f02073f677fb54d539efbe8455e815cc.lb-nocb.veripb.wat
f23f4b4f4761e4f0702f47214f580238,0,solved,52.8601,134408,kale-804.local.cs.helsinki.fi,325,/wrk-kappa/users/chrisjab/gbd-experiments/mo-proofs-reruns/results/f23f4b4f4761e4f0702f47214f580238.lb-nocb.veripb.out,/wrk-kappa/users/chrisjab/gbd-experiments/mo-proofs-reruns/results/f23f4b4f4761e4f0702f47214f580238.lb-nocb.veripb.var,/wrk-kappa/users/chrisjab/gbd-experiments/mo-proofs-reruns/results/f23f4b4f4761e4f0702f47214f580238.lb-nocb.veripb.wat
fbc39383132ce803f437210dc49afd17,0,solved,4412.3,3542428,kale-802.local.cs.helsinki.fi,335,/wrk-kappa/users/chrisjab/gbd-experiments/mo-proofs-reruns/results/fbc39383132ce803f437210dc49afd17.lb-nocb.veripb.out,/wrk-kappa/users/chrisjab/gbd-experiments/mo-proofs-reruns/results/fbc39383132ce803f437210dc49afd17.lb-nocb.veripb.var,/wrk-kappa/users/chrisjab/gbd-experiments/mo-proofs-reruns/results/fbc39383132ce803f437210dc49afd17.lb-nocb.veripb.wat
fed397ce5b6dfc0b6fcfadda8e691d8e,0,solved,10161.1,4217708,kale-817.local.cs.helsinki.fi,339,/wrk-kappa/users/chrisjab/gbd-experiments/mo-proofs-reruns/results/fed397ce5b6dfc0b6fcfadda8e691d8e.lb-nocb.veripb.out,/wrk-kappa/users/chrisjab/gbd-experiments/mo-proofs-reruns/results/fed397ce5b6dfc0b6fcfadda8e691d8e.lb-nocb.veripb.var,/wrk-kappa/users/chrisjab/gbd-experiments/mo-proofs-reruns/results/fed397ce5b6dfc0b6fcfadda8e691d8e.lb-nocb.veripb.wat
